,match_id,blue_team_name,red_team_name,result,duration,duration_in_sec,date,blue_top_name,blue_top_champion,blue_top_kills,blue_top_deaths,blue_top_assists,blue_top_kda,blue_top_cs,blue_top_gd_at_15,blue_jg_name,blue_jg_champion,blue_jg_kills,blue_jg_deaths,blue_jg_assists,blue_jg_kda,blue_jg_cs,blue_jg_gd_at_15,blue_mid_name,blue_mid_champion,blue_mid_kills,blue_mid_deaths,blue_mid_assists,blue_mid_kda,blue_mid_cs,blue_mid_gd_at_15,blue_bot_name,blue_bot_champion,blue_bot_kills,blue_bot_deaths,blue_bot_assists,blue_bot_kda,blue_bot_cs,blue_bot_gd_at_15,blue_sup_name,blue_sup_champion,blue_sup_kills,blue_sup_deaths,blue_sup_assists,blue_sup_kda,blue_sup_cs,blue_sup_gd_at_15,red_top_name,red_top_champion,red_top_kills,red_top_deaths,red_top_assists,red_top_kda,red_top_cs,red_top_gd_at_15,red_jg_name,red_jg_champion,red_jg_kills,red_jg_deaths,red_jg_assists,red_jg_kda,red_jg_cs,red_jg_gd_at_15,red_mid_name,red_mid_champion,red_mid_kills,red_mid_deaths,red_mid_assists,red_mid_kda,red_mid_cs,red_mid_gd_at_15,red_bot_name,red_bot_champion,red_bot_kills,red_bot_deaths,red_bot_assists,red_bot_kda,red_bot_cs,red_bot_gd_at_15,red_sup_name,red_sup_champion,red_sup_kills,red_sup_deaths,red_sup_assists,red_sup_kda,red_sup_cs,red_sup_gd_at_15,timeline
0,31241,DWG KIA,Cloud9,BLUE,27:40,1660,2021-05-06,Khan,Gnar,3,0,5,9999,217,1111,Canyon,Morgana,2,2,4,3,198,656,ShowMaker,Zoe,0,0,4,9999,248,277,Ghost,Jhin,5,0,3,9999,224,-826,BeryL,Leona,0,5,7,1.4,34,-304,Fudge,Gangplank,2,2,1,1.5,221,-1111,Blaber,Kindred,0,3,5,1.666666667,176,-656,Perkz,Viktor,2,2,2,2,240,-277,Zven,Varus,3,2,2,2.5,202,826,Vulcan,Tahm Kench,0,1,5,5,34,304,6:46 Mountain Drake by BLUE \ 7:11 First blood by RED \ 9:23 Rift Herald by BLUE \ 14:06 Cloud Drake by RED \ 14:33 First Tower by BLUE \ 17:03 Rift Herald by BLUE \ 19:43 Ocean Drake by RED \ 24:03 Nashor by BLUE \ 24:59 Ocean Drake by BLUE \ 
1,31242,Infinity eSports,Detonation FocusMe,BLUE,27:13,1633,2021-05-06,Buggax,Gnar,3,3,4,2.333333333,199,-1354,SolidSnake,Udyr,3,2,6,4.5,181,-108,cody,Sylas,5,0,6,9999,217,-429,Whitelotus,Xayah,1,3,6,2.333333333,286,660,Ackerman,Alistar,1,0,10,9999,35,314,Evi,Akali,3,2,2,2.5,202,1354,Steal,Hecarim,1,1,5,6,168,108,Aria,Renekton,2,4,3,1.25,213,429,Yutapon,Kai,2,2,1,1.5,253,-660,Kazu,Rell,0,4,4,1,34,-314,2:45 First blood by BLUE \ 8:47 Rift Herald by RED \ 12:57 Ocean Drake by BLUE \ 15:54 Rift Herald by BLUE \ 16:45 First Tower by RED \ 18:16 Cloud Drake by RED \ 24:23 Nashor by BLUE \ 25:10 Mountain Drake by RED \ 
2,31243,Royal Never Give Up,Pentanet.GG,BLUE,24:12,1452,2021-05-06,xiaohu,Gnar,5,0,10,9999,219,1429,Wei,Rumble,6,1,10,16,155,987,Cryin,Nocturne,5,1,7,12,206,-152,GALA,Kai,5,1,8,13,236,547,Ming,Nautilus,0,1,14,14,33,29,BioPanther,Urgot,1,3,0,0.333333333,192,-1429,Pabu,Fiddlesticks,0,4,4,1,135,-987,Chazz,Lee Sin,3,5,1,0.8,206,152,Praedyth,Jinx,0,5,2,0.4,208,-547,Decoy,Thresh,0,4,3,0.75,34,-29,6:06 First blood by RED \ 8:57 Rift Herald by BLUE \ 9:28 Mountain Drake by RED \ 9:42 First Tower by BLUE \ 15:27 Infernal Drake by BLUE \ 16:40 Rift Herald by BLUE \ 20:43 Nashor by BLUE \ 21:32 Ocean Drake by BLUE \ 
3,31244,Pentanet.GG,Unicorns Of Love,RED,28:46,1726,2021-05-06,BioPanther,Ornn,0,2,1,0.5,240,-1620,Pabu,Kindred,0,4,0,0,215,-1257,Chazz,Rumble,0,1,1,1,228,-1039,Praedyth,Varus,1,2,0,0.5,257,629,Decoy,Tahm Kench,0,2,0,0,40,410,BOSS,Gnar,2,0,3,9999,250,1620,AHaHaCiK,Nidalee,2,0,6,9999,209,1257,Nomanz,Orianna,4,1,5,9,297,1039,Lodik,Kai,3,0,4,9999,255,-629,SaNTaS,Alistar,0,0,6,9999,38,-410,8:48 Rift Herald by RED \ 9:01 First blood by RED \ 9:30 Infernal Drake by BLUE \ 9:39 First Tower by RED \ 14:44 Ocean Drake by RED \ 16:12 Rift Herald by RED \ 20:24 Cloud Drake by RED \ 25:46 Nashor by RED \ 25:52 Cloud Drake by BLUE \ 
4,31245,Istanbul Wildcats,paiN Gaming,RED,38:19,2299,2021-05-06,StarScreen,Sett,7,6,3,1.666666667,273,143,Ferret,Rumble,4,4,11,3.75,216,121,Serin,Lee Sin,2,2,8,5,294,743,Holyphoenix,Samira,8,2,5,6.5,405,2388,Farfetch,Alistar,1,7,16,2.428571429,37,468,Robo,Darius,10,6,8,3,278,-143,Cariok,Udyr,1,3,15,5.333333333,242,-121,Tinowns,Sylas,7,1,6,13,329,-743,brTT,Tristana,2,5,8,2,307,-2388,Luci,Rell,1,7,15,2.285714286,34,-468,2:15 First blood by BLUE \ 10:06 Rift Herald by RED \ 12:33 Mountain Drake by BLUE \ 13:55 First Tower by BLUE \ 17:14 Rift Herald by BLUE \ 19:02 Infernal Drake by BLUE \ 24:36 Ocean Drake by RED \ 29:03 Nashor by RED \ 30:03 Ocean Drake by BLUE \ 35:50 Ocean Drake by RED \ 36:45 Nashor by RED \ 
5,31246,MAD Lions,PSG Talon,BLUE,27:41,1661,2021-05-06,Armut,Lee Sin,5,0,9,9999,193,-257,Elyoya,Udyr,3,0,15,9999,171,-400,Humanoid,Ryze,6,1,8,14,304,1307,Carzzy,Tristana,9,1,9,18,265,1742,Kaiser,Nautilus,1,3,16,5.666666667,26,337,Hanabi,Gnar,0,4,2,0.5,225,257,River,Nidalee,5,4,0,1.25,174,400,Maple,Sett,0,6,4,0.666666667,205,-1307,Doggo,Kai,0,3,3,1,284,-1742,Kaiwing,Leona,0,7,5,0.714285714,37,-337,3:21 First blood by BLUE \ 8:38 Rift Herald by BLUE \ 8:56 Cloud Drake by RED \ 9:39 First Tower by BLUE \ 14:24 Infernal Drake by BLUE \ 15:48 Rift Herald by RED \ 19:57 Ocean Drake by BLUE \ 23:05 Nashor by BLUE \ 26:24 Ocean Drake by BLUE \ 
6,31247,Pentanet.GG,Royal Never Give Up,RED,24:40,1480,2021-05-07,BioPanther,Gnar,2,3,4,2,222,-606,Pabu,Volibear,2,4,3,1.25,85,-2976,Chazz,Orianna,2,4,1,0.75,195,-1319,Praedyth,Kog,0,5,2,0.4,190,-2301,Decoy,Lulu,0,2,1,0.5,34,-897,xiaohu,Lee Sin,1,3,8,3,234,606,Wei,Udyr,6,1,8,14,234,2976,Cryin,Sylas,2,1,10,12,197,1319,GALA,Kai,9,1,2,11,266,2301,Ming,Leona,0,0,11,9999,28,897,3:32 First blood by RED \ 5:22 Ocean Drake by RED \ 10:06 Rift Herald by RED \ 11:16 Mountain Drake by RED \ 13:23 First Tower by RED \ 16:36 Infernal Drake by RED \ 16:38 Rift Herald by RED \ 22:09 Infernal Drake by RED \ 22:31 Nashor by RED \ 
7,31248,Unicorns Of Love,Royal Never Give Up,RED,23:56,1436,2021-05-07,BOSS,Gnar,1,6,0,0.166666667,155,-3242,AHaHaCiK,Trundle,0,4,2,0.5,113,-2028,Nomanz,Viktor,0,4,1,0.25,202,-500,Lodik,Kai,2,3,1,1,225,-996,SaNTaS,Braum,0,4,2,0.5,29,-508,xiaohu,Lucian,6,2,7,6.5,233,3242,Wei,Olaf,6,0,7,9999,167,2028,Cryin,Ryze,2,0,7,9999,273,500,GALA,Xayah,7,0,6,9999,241,996,Ming,Alistar,0,1,17,17,33,508,3:27 First blood by RED \ 6:31 Cloud Drake by RED \ 9:01 Rift Herald by RED \ 11:03 First Tower by RED \ 12:13 Infernal Drake by RED \ 15:22 Rift Herald by RED \ 17:23 Ocean Drake by RED \ 21:02 Nashor by RED \ 22:57 Ocean Drake by RED \ 
8,31249,Infinity eSports,DWG KIA,RED,24:31,1471,2021-05-07,Buggax,Gnar,1,3,2,1,216,-56,SolidSnake,Lillia,1,4,2,0.75,153,-923,cody,Lucian,0,3,1,0.333333333,180,-1081,Whitelotus,Kalista,0,3,2,0.666666667,203,-1417,Ackerman,Alistar,2,3,2,1.333333333,29,-841,Khan,Sion,1,0,4,9999,188,56,Canyon,Graves,6,0,3,9999,216,923,ShowMaker,Syndra,2,1,6,8,225,1081,Ghost,Varus,6,0,3,9999,224,1417,BeryL,Sett,1,3,5,2,42,841,2:22 First blood by RED \ 9:02 Rift Herald by RED \ 11:38 Infernal Drake by RED \ 14:31 First Tower by RED \ 16:43 Rift Herald by RED \ 17:16 Ocean Drake by RED \ 20:28 Nashor by RED \ 22:41 Cloud Drake by RED \ 
9,31250,Detonation FocusMe,Cloud9,BLUE,31:36,1896,2021-05-07,Evi,Gnar,1,2,6,3.5,251,517,Steal,Udyr,2,1,13,15,199,1619,Aria,Zoe,5,0,5,9999,275,540,Yutapon,Kai,7,1,5,12,288,-206,Kazu,Alistar,0,4,5,1.25,38,-584,Fudge,Jayce,5,3,2,2.333333333,258,-517,Blaber,Nidalee,1,3,5,2,186,-1619,Perkz,Orianna,0,3,1,0.333333333,274,-540,Zven,Varus,2,3,3,1.666666667,254,206,Vulcan,Leona,0,3,4,1.333333333,39,584,3:32 First blood by BLUE \ 8:10 Cloud Drake by RED \ 8:31 Rift Herald by BLUE \ 10:32 First Tower by BLUE \ 13:28 Infernal Drake by RED \ 15:40 Rift Herald by BLUE \ 18:57 Mountain Drake by BLUE \ 25:32 Mountain Drake by RED \ 29:22 Nashor by BLUE \ 
10,31251,Istanbul Wildcats,MAD Lions,RED,37:49,2269,2021-05-07,StarScreen,Nocturne,2,5,9,2.2,286,351,Ferret,Udyr,4,4,7,2.75,188,-728,Serin,Ryze,3,4,8,2.75,329,-517,Holyphoenix,Tristana,8,3,8,5.333333333,394,-564,Farfetch,Leona,1,10,7,0.8,34,-303,Armut,Wukong,4,3,12,5.333333333,259,-351,Elyoya,Volibear,8,4,11,4.75,187,728,Humanoid,Viktor,4,4,14,4.5,278,517,Carzzy,Kai,9,3,11,6.666666667,360,564,Kaiser,Nautilus,1,4,19,5,34,303,3:40 First blood by RED \ 6:02 Cloud Drake by BLUE \ 9:38 Rift Herald by RED \ 11:47 Mountain Drake by RED \ 15:25 First Tower by RED \ 17:32 Infernal Drake by BLUE \ 19:11 Rift Herald by RED \ 22:37 Nashor by RED \ 23:02 Infernal Drake by RED \ 28:08 Infernal Drake by RED \ 29:42 Nashor by RED \ 33:12 Infernal Drake by BLUE \ 35:58 Nashor by RED \ 
11,31252,paiN Gaming,PSG Talon,RED,25:06,1506,2021-05-07,Robo,Karma,0,3,2,0.666666667,186,-176,Cariok,Hecarim,2,4,0,0.5,125,-1373,Tinowns,Ryze,0,3,1,0.333333333,253,-455,brTT,Tristana,0,5,0,0,203,-1868,Luci,Rell,0,5,1,0.2,40,-418,Hanabi,Gnar,2,1,8,10,206,176,River,Rumble,6,1,4,10,177,1373,Maple,Lucian,5,0,6,9999,244,455,Doggo,Kai,7,0,3,9999,261,1868,Kaiwing,Leona,0,0,12,9999,33,418,3:36 First blood by BLUE \ 6:54 Infernal Drake by RED \ 10:08 Rift Herald by RED \ 12:15 Ocean Drake by RED \ 14:54 First Tower by RED \ 16:50 Rift Herald by RED \ 17:38 Mountain Drake by RED \ 23:14 Mountain Drake by RED \ 23:37 Nashor by RED \ 
12,31253,Royal Never Give Up,Unicorns Of Love,BLUE,25:01,1501,2021-05-08,xiaohu,Lee Sin,5,1,10,15,221,2882,Wei,Rumble,9,0,10,9999,163,1353,Cryin,Orianna,1,4,11,3,189,665,GALA,Kalista,5,1,10,15,256,1869,Ming,Nautilus,4,1,12,16,43,1647,BOSS,Nocturne,1,7,2,0.428571429,181,-2882,AHaHaCiK,Nidalee,2,4,3,1.25,151,-1353,Nomanz,Kassadin,2,2,1,1.5,244,-665,Lodik,Varus,1,2,2,1.5,188,-1869,SaNTaS,Leona,1,9,3,0.444444444,33,-1647,3:24 First blood by BLUE \ 10:31 Rift Herald by BLUE \ 12:24 Infernal Drake by BLUE \ 12:47 First Tower by BLUE \ 16:51 Rift Herald by BLUE \ 17:51 Ocean Drake by BLUE \ 20:22 Nashor by BLUE \ 23:00 Cloud Drake by BLUE \ 
13,31254,Unicorns Of Love,Pentanet.GG,RED,31:36,1896,2021-05-08,BOSS,Jayce,1,2,2,1.5,290,1403,AHaHaCiK,Udyr,1,3,2,1,189,373,Nomanz,Viktor,1,4,0,0.25,277,-275,Lodik,Kai,0,2,1,0.5,292,-678,SaNTaS,Galio,1,4,1,0.5,40,360,BioPanther,Gnar,0,2,9,4.5,229,-1403,Pabu,Morgana,2,0,13,9999,217,-373,Chazz,Lee Sin,3,1,8,11,274,275,Praedyth,Samira,9,0,4,9999,270,678,Decoy,Rakan,1,1,13,14,40,-360,5:37 First blood by BLUE \ 6:54 Infernal Drake by BLUE \ 9:01 Rift Herald by BLUE \ 9:50 First Tower by BLUE \ 12:23 Mountain Drake by RED \ 15:37 Rift Herald by RED \ 17:35 Ocean Drake by RED \ 23:09 Ocean Drake by BLUE \ 23:10 Nashor by RED \ 28:26 Ocean Drake by RED \ 
14,31255,DWG KIA,Detonation FocusMe,BLUE,39:04,2344,2021-05-08,Khan,Gangplank,5,6,8,2.166666667,300,-728,Canyon,Morgana,1,2,12,6.5,242,-544,ShowMaker,Viktor,1,1,10,11,371,344,Ghost,Xayah,8,1,2,10,384,489,BeryL,Alistar,0,3,13,4.333333333,37,351,Evi,Urgot,5,3,5,3.333333333,268,728,Steal,Udyr,3,2,5,4,247,544,Aria,Zoe,3,2,2,2.5,290,-344,Yutapon,Tristana,2,2,4,3,381,-489,Kazu,Rell,0,6,5,0.833333333,37,-351,3:32 First blood by RED \ 6:38 Ocean Drake by RED \ 9:07 Rift Herald by BLUE \ 13:16 Infernal Drake by RED \ 15:58 First Tower by BLUE \ 16:43 Rift Herald by RED \ 18:53 Cloud Drake by RED \ 21:59 Nashor by RED \ 24:02 Cloud Drake by BLUE \ 29:23 Cloud Drake by BLUE \ 29:30 Nashor by RED \ 34:29 Cloud Drake by RED \ 36:42 Nashor by RED \ 
15,31256,Cloud9,Infinity eSports,BLUE,33:40,2020,2021-05-08,Fudge,Renekton,1,3,2,1,295,-680,Blaber,Morgana,1,0,6,9999,244,-512,Perkz,Tristana,7,0,2,9999,339,911,Zven,Jinx,2,0,5,9999,319,-265,Vulcan,Thresh,0,2,7,3.5,39,-189,Buggax,Gangplank,1,3,3,1.333333333,302,680,SolidSnake,Udyr,2,1,3,5,190,512,cody,Viktor,0,2,2,1,251,-911,Whitelotus,Kai,2,1,2,4,313,265,Ackerman,Rell,0,4,4,1,38,189,3:52 First blood by RED \ 9:40 Rift Herald by RED \ 9:58 Mountain Drake by BLUE \ 14:23 First Tower by BLUE \ 15:35 Infernal Drake by BLUE \ 16:32 Rift Herald by BLUE \ 21:07 Ocean Drake by BLUE \ 26:39 Ocean Drake by BLUE \ 27:32 Nashor by BLUE \ 32:59 Elder Drake by BLUE \ 
16,31257,MAD Lions,paiN Gaming,BLUE,38:56,2336,2021-05-08,Armut,Lee Sin,6,2,10,8,308,929,Elyoya,Morgana,3,3,8,3.666666667,227,-18,Humanoid,Kog,1,2,9,5,335,-220,Carzzy,Aphelios,10,1,0,10,372,983,Kaiser,Thresh,0,2,13,6.5,34,244,Robo,Camille,2,9,2,0.444444444,296,-929,Cariok,Olaf,2,5,2,0.8,212,18,Tinowns,Zoe,2,1,6,8,304,220,brTT,Jinx,3,2,4,3.5,343,-983,Luci,Tahm Kench,1,3,6,2.333333333,46,-244,4:00 First blood by BLUE \ 5:39 Infernal Drake by BLUE \ 8:32 Rift Herald by BLUE \ 10:19 First Tower by BLUE \ 11:05 Mountain Drake by RED \ 15:31 Rift Herald by BLUE \ 16:38 Ocean Drake by RED \ 21:56 Ocean Drake by BLUE \ 27:30 Nashor by RED \ 28:00 Ocean Drake by RED \ 33:10 Ocean Drake by BLUE \ 
17,31258,PSG Talon,Istanbul Wildcats,BLUE,28:05,1685,2021-05-08,Hanabi,Renekton,3,1,6,9,241,1673,River,Rumble,5,0,14,9999,188,760,Maple,Sylas,9,1,5,14,249,671,Doggo,Aphelios,5,3,9,4.666666667,276,1874,Kaiwing,Thresh,0,1,14,14,31,511,StarScreen,Gangplank,0,5,5,1,188,-1673,Ferret,Morgana,1,4,3,1,181,-760,Serin,Yone,3,3,1,1.333333333,256,-671,Holyphoenix,Kai,1,4,2,0.75,246,-1874,Farfetch,Nautilus,1,6,4,0.833333333,34,-511,4:26 First blood by BLUE \ 5:42 Mountain Drake by RED \ 8:29 Rift Herald by BLUE \ 11:29 First Tower by BLUE \ 12:28 Infernal Drake by BLUE \ 14:52 Rift Herald by BLUE \ 17:58 Cloud Drake by BLUE \ 22:40 Nashor by BLUE \ 23:37 Cloud Drake by BLUE \ 
18,31263,Unicorns Of Love,Royal Never Give Up,RED,28:30,1710,2021-05-09,BOSS,Nocturne,3,3,8,3.666666667,197,-1805,AHaHaCiK,Rumble,1,7,6,1,162,-1475,Nomanz,Viktor,7,5,7,2.8,214,-674,Lodik,Xayah,4,2,6,5,228,-234,SaNTaS,Alistar,0,6,9,1.5,28,-803,xiaohu,Renekton,2,2,7,4.5,288,1805,Wei,Morgana,3,4,13,4,197,1475,Cryin,Sylas,11,3,8,6.333333333,210,674,GALA,Kai,6,2,5,5.5,287,234,Ming,Leona,1,4,16,4.25,43,803,2:51 First blood by RED \ 5:58 Infernal Drake by RED \ 8:30 Rift Herald by RED \ 13:05 Mountain Drake by BLUE \ 14:16 First Tower by RED \ 16:31 Rift Herald by RED \ 18:20 Ocean Drake by RED \ 21:25 Nashor by RED \ 23:54 Ocean Drake by RED \ 
19,31264,Unicorns Of Love,Pentanet.GG,BLUE,23:52,1432,2021-05-09,BOSS,Urgot,6,1,2,8,185,-198,AHaHaCiK,Nidalee,3,1,8,11,142,664,Nomanz,Orianna,1,0,9,9999,235,230,Lodik,Tristana,2,0,5,9999,166,220,SaNTaS,Alistar,1,1,7,8,30,296,BioPanther,Renekton,2,3,0,0.666666667,203,198,Pabu,Graves,0,4,0,0,157,-664,Chazz,Ahri,0,2,2,1,203,-230,Praedyth,Kai,0,2,0,0,216,-220,Decoy,Nautilus,1,2,0,0.5,27,-296,3:10 First blood by BLUE \ 8:24 Rift Herald by BLUE \ 9:06 Cloud Drake by RED \ 14:34 First Tower by BLUE \ 14:35 Mountain Drake by RED \ 15:50 Rift Herald by BLUE \ 20:32 Ocean Drake by BLUE \ 21:15 Nashor by BLUE \ 
20,31265,Royal Never Give Up,Pentanet.GG,BLUE,31:34,1894,2021-05-09,xiaohu,Gnar,10,3,7,5.666666667,234,847,Wei,Volibear,3,6,12,2.5,165,-375,Cryin,Syndra,10,6,11,3.5,218,1929,GALA,Varus,9,2,13,11,276,3056,Ming,Leona,4,4,15,4.75,40,1864,BioPanther,Urgot,8,4,4,3,248,-847,Pabu,Nidalee,6,5,9,3,174,375,Chazz,Qiyana,4,10,5,0.9,164,-1929,Praedyth,Kai,3,6,9,2,222,-3056,Decoy,Nautilus,0,11,12,1.090909091,36,-1864,4:13 First blood by RED \ 8:33 Rift Herald by BLUE \ 10:32 Cloud Drake by RED \ 13:05 First Tower by BLUE \ 16:29 Infernal Drake by BLUE \ 18:31 Rift Herald by BLUE \ 22:42 Nashor by RED \ 23:20 Ocean Drake by BLUE \ 28:25 Ocean Drake by RED \ 
21,31266,Royal Never Give Up,Unicorns Of Love,BLUE,19:38,1178,2021-05-09,xiaohu,Lucian,2,2,6,4,156,1441,Wei,Rumble,7,0,11,9999,143,2140,Cryin,Ryze,4,1,7,11,159,877,GALA,Kalista,6,0,3,9999,225,3350,Ming,Nautilus,0,0,7,9999,26,181,BOSS,Gnar,0,3,3,1,139,-1441,AHaHaCiK,Nidalee,1,5,2,0.6,123,-2140,Nomanz,Orianna,1,4,1,0.5,169,-877,Lodik,Varus,0,3,1,0.333333333,142,-3350,SaNTaS,Alistar,1,4,0,0.25,35,-181,4:57 First blood by BLUE \ 6:23 Infernal Drake by BLUE \ 9:22 Rift Herald by BLUE \ 11:51 First Tower by BLUE \ 12:01 Cloud Drake by BLUE \ 15:44 Rift Herald by BLUE \ 17:22 Mountain Drake by BLUE \ 
22,31267,Pentanet.GG,Unicorns Of Love,BLUE,29:46,1786,2021-05-09,BioPanther,Sett,3,0,12,9999,264,360,Pabu,Nidalee,8,1,9,17,209,-50,Chazz,Zed,6,1,10,16,262,83,Praedyth,Samira,6,3,8,4.666666667,236,1298,Decoy,Galio,0,0,18,9999,41,306,BOSS,Nocturne,2,5,3,1,220,-360,AHaHaCiK,Lee Sin,1,5,3,0.8,177,50,Nomanz,Vladimir,2,5,2,0.8,214,-83,Lodik,Kai,0,4,2,0.5,222,-1298,SaNTaS,Nautilus,0,4,2,0.5,40,-306,6:58 First blood by BLUE \ 7:35 Infernal Drake by BLUE \ 8:39 Rift Herald by RED \ 13:01 Mountain Drake by BLUE \ 15:06 First Tower by BLUE \ 15:30 Rift Herald by BLUE \ 18:56 Ocean Drake by BLUE \ 25:14 Ocean Drake by BLUE \ 26:49 Nashor by BLUE \ 
23,31268,Pentanet.GG,Royal Never Give Up,RED,22:36,1356,2021-05-09,BioPanther,Urgot,3,4,0,0.75,199,-323,Pabu,Rumble,1,5,2,0.6,123,-826,Chazz,Orianna,2,4,4,1.5,192,-2057,Praedyth,Vayne,1,4,3,1,117,-1807,Decoy,Alistar,1,5,4,1,31,-230,Xiaobai,Gnar,2,0,8,9999,173,323,Wei,Udyr,3,3,11,4.666666667,133,826,xiaohu,Ryze,13,0,3,9999,215,2057,GALA,Kai,4,2,11,7.5,189,1807,Ming,Nautilus,0,3,11,3.666666667,41,230,4:34 First blood by RED \ 7:03 Mountain Drake by RED \ 10:11 Rift Herald by RED \ 12:20 Cloud Drake by RED \ 13:04 First Tower by RED \ 16:35 Rift Herald by RED \ 17:51 Ocean Drake by RED \ 
24,31281,Unicorns Of Love,Pentanet.GG,RED,27:52,1672,2021-05-09,BOSS,Gnar,3,3,1,1.333333333,189,225,AHaHaCiK,Kha,0,5,3,0.6,166,-217,Nomanz,Viktor,4,4,4,2,252,757,Lodik,Kai,2,5,3,1,238,-1498,SaNTaS,Alistar,1,4,7,2,45,-257,BioPanther,Jayce,4,2,8,6,201,-225,Pabu,Karthus,5,1,9,14,190,217,Chazz,Lee Sin,1,3,12,4.333333333,231,-757,Praedyth,Xayah,9,2,5,7,278,1498,Decoy,Nautilus,2,2,14,8,29,257,5:56 First blood by BLUE \ 10:26 Rift Herald by BLUE \ 11:06 Mountain Drake by RED \ 14:53 First Tower by RED \ 16:22 Ocean Drake by RED \ 16:54 Rift Herald by BLUE \ 20:31 Nashor by RED \ 21:32 Infernal Drake by RED \ 26:53 Infernal Drake by RED \ 
25,31269,MAD Lions,Istanbul Wildcats,RED,30:23,1823,2021-05-10,Armut,Lee Sin,6,3,3,3,256,-128,Elyoya,Olaf,3,3,4,2.333333333,185,1458,Humanoid,Zoe,3,4,4,1.75,266,-416,Carzzy,Tristana,0,2,4,2,319,-777,Kaiser,Nautilus,0,4,3,0.75,28,-99,StarScreen,Urgot,3,4,7,2.5,261,128,Ferret,Volibear,3,4,6,2.25,149,-1458,Serin,Orianna,2,1,12,14,275,416,Holyphoenix,Kai,7,0,6,9999,305,777,Farfetch,Leona,1,3,8,3,33,99,4:46 First blood by RED \ 7:05 Cloud Drake by BLUE \ 9:22 Rift Herald by BLUE \ 12:25 Mountain Drake by BLUE \ 15:50 First Tower by BLUE \ 16:06 Rift Herald by RED \ 18:17 Ocean Drake by BLUE \ 23:12 Nashor by RED \ 23:35 Ocean Drake by RED \ 28:43 Ocean Drake by RED \ 
26,31270,PSG Talon,paiN Gaming,BLUE,32:03,1923,2021-05-10,Hanabi,Jayce,4,2,6,5,283,-439,River,Udyr,0,1,13,13,154,-759,Maple,Zoe,7,0,6,9999,236,289,Doggo,Aphelios,4,0,6,9999,320,300,Kaiwing,Thresh,2,0,10,9999,35,639,Robo,Gnar,1,4,1,0.5,264,439,Cariok,Lillia,1,2,1,1,194,759,Tinowns,LeBlanc,1,3,0,0.333333333,244,-289,brTT,Kai,0,3,0,0,285,-300,Luci,Nautilus,0,5,0,0,44,-639,6:12 First blood by BLUE \ 7:51 Infernal Drake by RED \ 9:57 Rift Herald by RED \ 12:14 First Tower by RED \ 13:08 Cloud Drake by RED \ 16:22 Rift Herald by RED \ 18:31 Ocean Drake by RED \ 24:34 Nashor by BLUE \ 25:02 Ocean Drake by BLUE \ 30:09 Ocean Drake by BLUE \ 
27,31271,Istanbul Wildcats,PSG Talon,RED,33:29,2009,2021-05-10,StarScreen,Gnar,0,4,6,1.5,211,-82,Ferret,Olaf,1,5,6,1.4,182,-262,Serin,Orianna,2,3,8,3.333333333,246,294,Holyphoenix,Kai,8,3,2,3.333333333,314,-2025,Farfetch,Nautilus,0,7,4,0.571428571,31,-280,Hanabi,Jayce,2,2,9,5.5,266,82,River,Volibear,4,2,14,9,138,262,Maple,Azir,5,4,13,4.5,268,-294,Doggo,Tristana,10,1,10,20,366,2025,Kaiwing,Leona,1,2,17,9,35,280,2:08 First blood by RED \ 6:44 Ocean Drake by RED \ 10:11 Rift Herald by RED \ 12:00 First Tower by RED \ 12:24 Mountain Drake by RED \ 17:40 Rift Herald by BLUE \ 17:40 Cloud Drake by RED \ 23:04 Cloud Drake by RED \ 25:59 Nashor by RED \ 29:23 Elder Drake by BLUE \ 
28,31272,paiN Gaming,MAD Lions,RED,31:12,1872,2021-05-10,Robo,Renekton,3,4,0,0.75,266,2240,Cariok,Morgana,0,3,3,1,173,12,Tinowns,Syndra,0,2,1,0.5,262,-807,brTT,Jhin,2,2,0,1,279,-174,Luci,Alistar,0,6,2,0.333333333,39,-182,Armut,Gnar,1,2,7,4,273,-2240,Elyoya,Rumble,4,0,8,9999,220,-12,Humanoid,Lucian,10,1,3,13,338,807,Carzzy,Varus,2,1,8,10,280,174,Kaiser,Tahm Kench,0,1,11,11,30,182,1:46 First blood by BLUE \ 9:27 Rift Herald by BLUE \ 10:51 Mountain Drake by RED \ 11:55 First Tower by BLUE \ 15:51 Rift Herald by BLUE \ 16:08 Ocean Drake by RED \ 21:20 Infernal Drake by BLUE \ 27:00 Nashor by RED \ 27:59 Infernal Drake by RED \ 
29,31273,paiN Gaming,Istanbul Wildcats,BLUE,28:49,1729,2021-05-10,Robo,Sett,5,2,9,7,229,1189,Cariok,Udyr,6,2,13,9.5,182,1627,Tinowns,Zoe,5,2,11,8,196,650,brTT,Jinx,10,6,10,3.333333333,262,-992,Luci,Thresh,1,6,15,2.666666667,28,-763,StarScreen,Renekton,3,7,5,1.142857143,187,-1189,Ferret,Volibear,2,5,3,1,133,-1627,Serin,Orianna,3,4,6,2.25,230,-650,Holyphoenix,Kalista,9,5,6,3,242,992,Farfetch,Blitzcrank,1,6,12,2.166666667,26,763,2:47 First blood by BLUE \ 6:43 Cloud Drake by BLUE \ 8:35 Rift Herald by BLUE \ 9:44 First Tower by BLUE \ 13:55 Ocean Drake by BLUE \ 17:32 Rift Herald by RED \ 19:22 Infernal Drake by BLUE \ 22:57 Nashor by BLUE \ 25:03 Infernal Drake by BLUE \ 
30,31274,PSG Talon,MAD Lions,RED,34:02,2042,2021-05-10,Hanabi,Sion,2,3,0,0.666666667,243,112,River,Rumble,0,4,3,0.75,167,-208,Maple,Syndra,2,3,2,1.333333333,276,-430,Doggo,Tristana,2,1,0,2,357,763,Kaiwing,Leona,0,7,3,0.428571429,38,-761,Armut,Jayce,2,1,9,11,293,-112,Elyoya,Morgana,2,2,11,6.5,220,208,Humanoid,Lucian,0,3,9,3,357,430,Carzzy,Kai,11,1,5,16,307,-763,Kaiser,Nautilus,3,2,10,6.5,29,761,5:37 First blood by BLUE \ 8:29 Rift Herald by BLUE \ 8:54 Infernal Drake by RED \ 14:16 Ocean Drake by RED \ 14:52 First Tower by BLUE \ 15:35 Rift Herald by BLUE \ 19:27 Mountain Drake by RED \ 25:01 Mountain Drake by BLUE \ 27:33 Nashor by RED \ 30:11 Mountain Drake by RED \ 
31,31275,Cloud9,DWG KIA,BLUE,44:30,2670,2021-05-11,Fudge,Lee Sin,10,3,6,5.333333333,337,-302,Blaber,Udyr,2,3,13,5,236,-616,Perkz,Viktor,7,4,13,5,366,190,Zven,Tristana,3,3,11,4.666666667,447,282,Vulcan,Alistar,2,5,14,3.2,32,138,Khan,Jayce,7,5,5,2.4,371,302,Canyon,Rumble,4,5,8,2.4,284,616,ShowMaker,Sylas,3,6,9,2,343,-190,Ghost,Kai,4,2,10,7,437,-282,BeryL,Nautilus,0,6,12,2,57,-138,4:04 First blood by RED \ 8:42 Rift Herald by RED \ 9:10 Ocean Drake by BLUE \ 15:03 Rift Herald by BLUE \ 15:40 Cloud Drake by RED \ 15:49 First Tower by RED \ 20:52 Mountain Drake by BLUE \ 26:06 Mountain Drake by RED \ 29:43 Nashor by RED \ 31:22 Mountain Drake by BLUE \ 36:38 Mountain Drake by RED \ 37:27 Nashor by BLUE \ 41:44 Mountain Drake by BLUE \ 
32,31276,Detonation FocusMe,Infinity eSports,BLUE,26:46,1606,2021-05-11,Evi,Gnar,11,2,4,7.5,212,958,Steal,Udyr,3,2,10,6.5,166,928,Aria,LeBlanc,2,0,9,9999,225,321,Yutapon,Tristana,3,1,6,9,277,265,Kazu,Alistar,0,1,13,13,38,248,Buggax,Lee Sin,3,5,2,1,221,-958,SolidSnake,Volibear,2,3,4,2,140,-928,cody,Syndra,1,5,3,0.8,216,-321,Whitelotus,Kai,0,3,2,0.666666667,280,-265,Ackerman,Nautilus,0,3,3,1,33,-248,6:07 First blood by BLUE \ 9:26 Rift Herald by BLUE \ 10:31 First Tower by BLUE \ 11:29 Infernal Drake by RED \ 16:25 Rift Herald by BLUE \ 16:52 Cloud Drake by RED \ 22:18 Mountain Drake by BLUE \ 24:26 Nashor by BLUE \ 
33,31277,DWG KIA,Infinity eSports,BLUE,36:58,2218,2021-05-11,Khan,Gnar,5,1,9,14,334,522,Canyon,Udyr,1,2,8,4.5,258,466,ShowMaker,Orianna,5,0,7,9999,372,1140,Ghost,Kai,4,2,5,4.5,359,-222,BeryL,Rell,2,4,6,2,48,175,Buggax,Jayce,1,6,4,0.833333333,304,-522,SolidSnake,Rumble,3,5,4,1.4,197,-466,cody,Zoe,2,2,1,1.5,281,-1140,Whitelotus,Tristana,2,2,3,2.5,374,222,Ackerman,Nautilus,1,2,4,2.5,39,-175,5:41 First blood by BLUE \ 8:57 Rift Herald by BLUE \ 13:21 Ocean Drake by BLUE \ 15:30 Rift Herald by RED \ 15:49 First Tower by BLUE \ 18:45 Infernal Drake by BLUE \ 24:08 Mountain Drake by BLUE \ 25:25 Nashor by RED \ 29:25 Mountain Drake by RED \ 32:43 Nashor by BLUE \ 35:15 Mountain Drake by BLUE \ 
34,31278,Cloud9,Detonation FocusMe,BLUE,31:00,1860,2021-05-11,Fudge,Sion,0,2,12,6,232,97,Blaber,Morgana,4,2,5,4.5,229,754,Perkz,Yone,5,2,4,4.5,338,0,Zven,Kai,6,0,1,9999,336,-216,Vulcan,Nautilus,0,0,8,9999,43,322,Evi,Sett,1,5,3,0.8,193,-97,Steal,Rumble,2,4,4,1.5,159,-754,Aria,Zoe,2,1,2,4,310,0,Yutapon,Tristana,1,1,0,1,319,216,Kazu,Alistar,0,4,0,0,32,-322,2:16 First blood by RED \ 7:57 Infernal Drake by BLUE \ 9:40 Rift Herald by BLUE \ 13:37 Cloud Drake by BLUE \ 16:31 Rift Herald by BLUE \ 17:02 First Tower by BLUE \ 19:00 Mountain Drake by BLUE \ 24:13 Mountain Drake by BLUE \ 26:46 Nashor by BLUE \ 
35,31279,Detonation FocusMe,DWG KIA,RED,28:37,1717,2021-05-11,Evi,Nocturne,4,3,2,2,238,218,Steal,Udyr,4,3,6,3.333333333,181,400,Aria,Syndra,1,3,3,1.333333333,240,-237,Yutapon,Tristana,2,2,5,3.5,272,-759,Kazu,Sett,0,6,6,1,35,-383,Khan,Gnar,3,3,10,4.333333333,246,-218,Canyon,Diana,4,2,8,6,225,-400,ShowMaker,Yasuo,6,3,7,4.333333333,250,237,Ghost,Kai,4,1,8,12,271,759,BeryL,Nautilus,0,2,12,6,34,383,3:56 First blood by BLUE \ 7:34 Infernal Drake by BLUE \ 8:37 Rift Herald by BLUE \ 13:14 Cloud Drake by BLUE \ 14:58 First Tower by RED \ 15:03 Rift Herald by BLUE \ 18:23 Ocean Drake by RED \ 21:07 Nashor by RED \ 24:04 Ocean Drake by RED \ 27:24 Nashor by RED \ 
36,31280,Infinity eSports,Cloud9,RED,27:34,1654,2021-05-11,Buggax,Gangplank,0,11,3,0.272727273,151,-1070,SolidSnake,Morgana,4,4,4,2,161,-1122,cody,Syndra,1,4,4,1.25,201,-1989,Whitelotus,Kalista,8,3,4,4,265,1636,Ackerman,Nautilus,2,7,10,1.714285714,35,397,Fudge,Sion,6,2,4,5,183,1070,Blaber,Rumble,7,2,11,9,203,1122,Perkz,Lucian,11,1,9,20,281,1989,Zven,Varus,4,4,11,3.75,221,-1636,Vulcan,Thresh,1,6,18,3.166666667,42,-397,2:10 First blood by BLUE \ 5:39 Cloud Drake by RED \ 10:58 Rift Herald by RED \ 11:51 First Tower by RED \ 12:15 Mountain Drake by BLUE \ 18:22 Ocean Drake by RED \ 19:18 Rift Herald by BLUE \ 21:34 Nashor by RED \ 24:11 Ocean Drake by RED \ 
37,31282,DWG KIA,Royal Never Give Up,RED,27:45,1665,2021-05-14,Khan,Sion,1,4,1,0.5,199,168,Canyon,Udyr,1,3,2,1,202,731,ShowMaker,Lucian,2,0,1,9999,333,1334,Ghost,Tristana,1,4,3,1,206,-453,BeryL,Sett,1,6,4,0.833333333,43,463,xiaohu,Gragas,2,1,7,9,216,-168,Wei,Olaf,1,1,10,11,168,-731,Cryin,Orianna,7,0,8,9999,253,-1334,GALA,Kai,5,1,9,14,257,453,Ming,Nautilus,2,3,12,4.666666667,34,-463,4:56 First blood by BLUE \ 7:22 Cloud Drake by BLUE \ 9:26 Rift Herald by BLUE \ 13:14 Ocean Drake by RED \ 16:46 Rift Herald by BLUE \ 17:51 First Tower by BLUE \ 18:54 Mountain Drake by BLUE \ 24:30 Mountain Drake by BLUE \ 25:10 Nashor by RED \ 
38,31283,MAD Lions,Pentanet.GG,BLUE,26:11,1571,2021-05-14,Armut,Gnar,2,2,8,5,209,1644,Elyoya,Rumble,6,2,3,4.5,165,84,Humanoid,Orianna,0,1,6,6,277,264,Carzzy,Vayne,5,1,7,12,269,1327,Kaiser,Leona,2,1,9,11,34,675,BioPanther,Urgot,4,3,1,1.666666667,202,-1644,Pabu,Udyr,1,2,3,2,170,-84,Chazz,Kassadin,0,3,2,0.666666667,235,-264,Praedyth,Kai,1,3,3,1.333333333,235,-1327,Decoy,Galio,1,4,4,1.25,32,-675,5:29 First blood by RED \ 7:50 Mountain Drake by RED \ 9:23 Rift Herald by RED \ 13:01 First Tower by BLUE \ 13:30 Cloud Drake by BLUE \ 16:09 Rift Herald by BLUE \ 18:56 Ocean Drake by RED \ 22:36 Nashor by BLUE \ 
39,31284,PSG Talon,DWG KIA,RED,29:31,1771,2021-05-14,Hanabi,Gnar,0,3,2,0.666666667,261,699,River,Udyr,1,3,1,0.666666667,185,1076,Maple,Akali,0,3,1,0.333333333,238,-272,Doggo,Tristana,1,1,1,2,313,858,Kaiwing,Rakan,1,3,1,0.666666667,37,472,Khan,Sion,0,0,10,9999,210,-699,Canyon,Morgana,1,2,10,5.5,215,-1076,ShowMaker,Sylas,2,0,6,9999,263,272,Ghost,Kai,10,0,1,9999,280,-858,BeryL,Leona,0,1,8,8,59,-472,6:05 Infernal Drake by RED \ 8:20 Rift Herald by BLUE \ 8:32 First blood by BLUE \ 12:17 Mountain Drake by RED \ 12:18 First Tower by BLUE \ 14:35 Rift Herald by BLUE \ 17:37 Ocean Drake by BLUE \ 23:17 Ocean Drake by RED \ 23:57 Nashor by RED \ 28:24 Ocean Drake by RED \ 
40,31285,Royal Never Give Up,Cloud9,BLUE,29:43,1783,2021-05-14,xiaohu,Lucian,2,2,2,2,272,1824,Wei,Udyr,1,4,5,1.5,179,285,Cryin,Orianna,1,3,4,1.666666667,237,-373,GALA,Kai,4,2,1,2.5,307,218,Ming,Gragas,0,3,2,0.666666667,33,267,Fudge,Malphite,1,2,7,4,206,-1824,Blaber,Morgana,4,2,9,6.5,225,-285,Perkz,Lee Sin,3,1,8,11,253,373,Zven,Tristana,5,1,2,7,313,-218,Vulcan,Rell,1,2,10,5.5,27,-267,3:04 First blood by BLUE \ 8:26 Rift Herald by BLUE \ 9:31 Mountain Drake by RED \ 10:02 First Tower by BLUE \ 14:47 Cloud Drake by BLUE \ 17:07 Rift Herald by BLUE \ 20:25 Ocean Drake by BLUE \ 21:01 Nashor by BLUE \ 25:45 Ocean Drake by RED \ 29:22 Nashor by RED \ 
41,31286,PSG Talon,Pentanet.GG,BLUE,22:16,1336,2021-05-14,Hanabi,Aatrox,6,0,4,9999,200,862,River,Udyr,1,2,10,5.5,134,717,Maple,Sylas,8,0,7,9999,151,1998,Doggo,Aphelios,9,1,12,21,215,3094,Kaiwing,Thresh,0,1,17,17,33,938,BioPanther,Sion,0,4,2,0.5,159,-862,Pabu,Morgana,0,1,4,4,155,-717,Chazz,Zed,2,5,0,0.4,151,-1998,Praedyth,Kai,2,7,0,0.285714286,165,-3094,Decoy,Nautilus,0,7,3,0.428571429,29,-938,6:04 First blood by BLUE \ 8:44 Infernal Drake by RED \ 9:58 First Tower by BLUE \ 10:19 Rift Herald by BLUE \ 13:58 Ocean Drake by BLUE \ 17:02 Rift Herald by BLUE \ 20:09 Cloud Drake by BLUE \ 20:57 Nashor by BLUE \ 
42,31287,Cloud9,MAD Lions,RED,26:21,1581,2021-05-14,Fudge,Sion,3,7,2,0.714285714,162,-843,Blaber,Rumble,1,5,4,1,146,-2011,Perkz,Kindred,2,4,2,1,184,-2401,Zven,Kalista,2,3,1,1,236,-1911,Vulcan,Nautilus,0,4,4,1,33,-746,Armut,Sylas,1,2,10,5.5,200,843,Elyoya,Udyr,7,2,11,9,199,2011,Humanoid,Lucian,5,2,8,6.5,239,2401,Carzzy,Kai,9,0,5,9999,265,1911,Kaiser,Leona,1,3,15,5.333333333,32,746,4:06 First blood by RED \ 6:29 Cloud Drake by RED \ 10:25 Rift Herald by BLUE \ 12:58 First Tower by RED \ 13:39 Mountain Drake by RED \ 18:48 Ocean Drake by RED \ 19:24 Rift Herald by RED \ 20:59 Nashor by RED \ 24:02 Ocean Drake by RED \ 
43,31288,Pentanet.GG,Royal Never Give Up,RED,29:15,1755,2021-05-15,BioPanther,Sion,1,6,10,1.833333333,187,-204,Pabu,Olaf,3,2,4,3.5,185,-96,Chazz,Lee Sin,3,4,6,2.25,244,-940,Praedyth,Aphelios,5,2,1,3,262,-1413,Decoy,Lulu,1,3,8,3,20,-994,xiaohu,Jayce,2,3,7,3,238,204,Wei,Udyr,1,2,6,3.5,169,96,Cryin,Sylas,5,5,9,2.8,241,940,GALA,Kog,6,2,5,5.5,316,1413,Ming,Karma,2,1,8,10,19,994,2:58 First blood by RED \ 5:53 Infernal Drake by RED \ 9:27 Rift Herald by RED \ 10:19 First Tower by RED \ 11:40 Cloud Drake by RED \ 17:11 Ocean Drake by BLUE \ 18:48 Rift Herald by RED \ 21:16 Nashor by RED \ 22:19 Ocean Drake by BLUE \ 
44,31289,DWG KIA,Cloud9,BLUE,34:50,2090,2021-05-15,Khan,Sion,2,3,4,2,231,-151,Canyon,Rumble,4,0,6,9999,242,-144,ShowMaker,Syndra,3,1,6,9,331,-241,Ghost,Senna,4,1,8,12,70,-1285,BeryL,Tahm Kench,0,5,7,1.4,185,276,Fudge,Karma,0,3,6,2,229,151,Blaber,Udyr,1,2,6,3.5,232,144,Perkz,Lucian,5,4,0,1.25,317,241,Zven,Ashe,0,1,8,8,281,1285,Vulcan,Lulu,4,3,6,3.333333333,6,-276,5:15 First blood by RED \ 7:27 Infernal Drake by RED \ 8:56 Rift Herald by BLUE \ 13:06 Cloud Drake by RED \ 16:10 Rift Herald by RED \ 16:29 First Tower by RED \ 18:43 Ocean Drake by RED \ 21:43 Nashor by RED \ 23:50 Ocean Drake by BLUE \ 29:13 Ocean Drake by BLUE \ 31:52 Nashor by BLUE \ 
45,31290,MAD Lions,Royal Never Give Up,RED,36:19,2179,2021-05-15,Armut,Wukong,4,4,5,2.25,261,-848,Elyoya,Morgana,1,2,5,3,216,-193,Humanoid,Orianna,3,3,5,2.666666667,351,-100,Carzzy,Jinx,2,2,3,2.5,379,-1183,Kaiser,Tahm Kench,1,2,4,2.5,30,-111,xiaohu,Gnar,5,1,3,8,351,848,Wei,Olaf,2,3,7,3,245,193,Cryin,Twisted Fate,2,2,9,5.5,272,100,GALA,Aphelios,2,3,5,2.333333333,377,1183,Ming,Thresh,2,2,6,4,44,111,5:44 Mountain Drake by RED \ 7:29 First blood by RED \ 9:58 Rift Herald by RED \ 10:55 Infernal Drake by BLUE \ 12:43 First Tower by RED \ 16:15 Ocean Drake by RED \ 16:21 Rift Herald by BLUE \ 21:25 Nashor by RED \ 22:12 Ocean Drake by BLUE \ 27:22 Ocean Drake by RED \ 28:23 Nashor by RED \ 32:36 Ocean Drake by BLUE \ 34:36 Nashor by RED \ 
46,31291,Cloud9,PSG Talon,RED,29:40,1780,2021-05-15,Fudge,Sett,4,3,2,2,222,947,Blaber,Udyr,3,2,3,3,187,924,Perkz,Viktor,0,5,4,0.8,284,-136,Zven,Kog,2,4,1,0.75,286,-761,Vulcan,Lulu,0,4,5,1.25,44,-327,Hanabi,Lee Sin,2,3,10,4,234,-947,River,Morgana,4,2,11,7.5,190,-924,Maple,Akali,7,1,8,15,232,136,Doggo,Kai,5,0,7,9999,339,761,Kaiwing,Leona,0,3,9,3,43,327,4:12 First blood by BLUE \ 6:51 Ocean Drake by RED \ 10:04 Rift Herald by RED \ 12:18 Cloud Drake by RED \ 14:26 First Tower by RED \ 16:32 Rift Herald by BLUE \ 17:49 Infernal Drake by BLUE \ 21:19 Nashor by RED \ 23:06 Infernal Drake by RED \ 28:22 Infernal Drake by BLUE \ 
47,31292,Pentanet.GG,DWG KIA,RED,19:38,1178,2021-05-15,BioPanther,Gnar,0,5,1,0.2,127,-2549,Pabu,Rumble,0,5,1,0.2,89,-2363,Chazz,Lee Sin,1,1,0,1,166,-1570,Praedyth,Xayah,0,5,1,0.2,130,-2685,Decoy,Alistar,0,2,0,0,30,-864,Khan,Jayce,6,0,6,9999,197,2549,Canyon,Udyr,2,0,7,9999,161,2363,ShowMaker,Zoe,5,0,7,9999,173,1570,Ghost,Kai,4,0,4,9999,188,2685,BeryL,Nautilus,0,1,5,5,32,864,4:32 First blood by RED \ 6:24 Infernal Drake by RED \ 8:48 Rift Herald by RED \ 9:25 First Tower by RED \ 11:55 Cloud Drake by RED \ 15:42 Rift Herald by RED \ 17:24 Mountain Drake by RED \ 
48,31293,MAD Lions,PSG Talon,BLUE,35:52,2152,2021-05-15,Armut,Jayce,3,4,9,3,325,-265,Elyoya,Rumble,4,2,6,5,226,547,Humanoid,Viktor,2,3,9,3.666666667,313,-66,Carzzy,Tristana,6,2,8,7,365,1066,Kaiser,Leona,1,2,10,5.5,50,117,Hanabi,Gnar,1,3,8,3,284,265,River,Morgana,3,2,8,5.5,223,-547,Maple,Galio,2,2,7,4.5,282,66,Doggo,Kai,5,4,4,2.25,396,-1066,Kaiwing,Nautilus,2,5,6,1.6,37,-117,6:38 Infernal Drake by RED \ 7:50 First blood by BLUE \ 8:47 Rift Herald by BLUE \ 12:15 First Tower by BLUE \ 12:31 Ocean Drake by BLUE \ 17:08 Rift Herald by BLUE \ 18:14 Cloud Drake by RED \ 23:30 Cloud Drake by RED \ 29:03 Cloud Drake by BLUE \ 29:53 Nashor by BLUE \ 34:08 Cloud Drake by BLUE \ 
49,31294,Cloud9,Pentanet.GG,BLUE,25:25,1525,2021-05-16,Fudge,Jayce,4,0,8,9999,262,-502,Blaber,Udyr,5,0,10,9999,189,825,Perkz,Zoe,2,4,12,3.5,217,-510,Zven,Senna,7,1,11,18,36,-53,Vulcan,Tahm Kench,1,1,11,12,165,1557,BioPanther,Yorick,1,2,0,0.5,229,502,Pabu,Morgana,2,4,2,1,165,-825,Chazz,Syndra,3,5,1,0.8,212,510,Praedyth,Samira,0,3,2,0.666666667,179,53,Decoy,Nautilus,0,5,3,0.6,30,-1557,3:42 First blood by RED \ 5:45 Mountain Drake by BLUE \ 8:26 Rift Herald by BLUE \ 11:10 Ocean Drake by BLUE \ 15:25 Rift Herald by BLUE \ 16:01 First Tower by BLUE \ 16:54 Cloud Drake by BLUE \ 20:31 Nashor by BLUE \ 23:10 Cloud Drake by BLUE \ 
50,31295,Royal Never Give Up,PSG Talon,RED,28:07,1687,2021-05-16,xiaohu,Gnar,2,2,3,2.5,266,-492,Wei,Rumble,3,4,3,1.5,172,112,Cryin,Viktor,0,5,4,0.8,242,-1058,GALA,Kai,3,8,2,0.625,245,-1042,Ming,Leona,1,7,7,1.142857143,36,-656,Hanabi,Lee Sin,5,0,8,9999,269,492,River,Morgana,5,2,13,9,149,-112,Maple,Zoe,7,1,9,16,208,1058,Doggo,Tristana,7,3,14,7,262,1042,Kaiwing,Nautilus,2,3,17,6.333333333,40,656,4:34 First blood by BLUE \ 7:33 Ocean Drake by RED \ 9:05 Rift Herald by BLUE \ 11:03 First Tower by BLUE \ 13:17 Mountain Drake by RED \ 16:02 Rift Herald by RED \ 18:30 Infernal Drake by RED \ 22:45 Nashor by RED \ 23:53 Infernal Drake by RED \ 
51,31296,DWG KIA,MAD Lions,BLUE,31:23,1883,2021-05-16,Khan,Lee Sin,2,1,6,8,303,1740,Canyon,Morgana,2,0,5,9999,250,1070,ShowMaker,Zoe,1,1,3,4,300,-17,Ghost,Kai,2,1,5,7,285,388,BeryL,Sett,2,1,4,6,39,-46,Armut,Shen,0,2,2,1,267,-1740,Elyoya,Udyr,1,1,2,3,177,-1070,Humanoid,Viktor,1,1,2,3,309,17,Carzzy,Tristana,0,3,1,0.333333333,273,-388,Kaiser,Nautilus,2,2,0,1,34,46,2:38 First blood by RED \ 8:30 Mountain Drake by RED \ 9:02 Rift Herald by BLUE \ 11:20 First Tower by BLUE \ 15:08 Infernal Drake by BLUE \ 17:24 Rift Herald by RED \ 20:25 Ocean Drake by BLUE \ 25:37 Ocean Drake by BLUE \ 27:20 Nashor by BLUE \ 31:17 Ocean Drake by BLUE \ 
52,31297,Royal Never Give Up,Pentanet.GG,BLUE,18:32,1112,2021-05-16,xiaohu,Gragas,2,1,11,13,119,1775,Wei,Rumble,10,0,7,9999,121,2296,Cryin,Nocturne,5,2,9,7,138,2163,GALA,Varus,11,0,5,9999,170,3085,Ming,Nautilus,2,1,14,16,29,1887,BioPanther,Jayce,0,7,2,0.285714286,111,-1775,Pabu,Nidalee,1,4,2,0.75,130,-2296,Chazz,Akali,2,7,0,0.285714286,104,-2163,Praedyth,Tristana,1,5,0,0.2,137,-3085,Decoy,Leona,0,7,2,0.285714286,24,-1887,3:37 First blood by RED \ 7:07 Mountain Drake by RED \ 9:10 Rift Herald by BLUE \ 12:43 First Tower by BLUE \ 13:12 Cloud Drake by BLUE \ 15:48 Rift Herald by BLUE \ 
53,31298,Cloud9,DWG KIA,RED,35:27,2127,2021-05-16,Fudge,Renekton,4,2,6,5,310,-1371,Blaber,Morgana,3,4,10,3.25,215,-4,Perkz,Orianna,1,3,9,3.333333333,314,-848,Zven,Tristana,7,3,5,4,343,-125,Vulcan,Alistar,1,4,10,2.75,34,-676,Khan,Gangplank,4,3,6,3.333333333,314,1371,Canyon,Udyr,2,3,4,2,225,4,ShowMaker,Viktor,5,1,7,12,379,848,Ghost,Kai,4,2,3,3.5,318,125,BeryL,Nautilus,1,7,8,1.285714286,46,676,3:31 First blood by RED \ 6:36 Ocean Drake by RED \ 10:34 Rift Herald by BLUE \ 12:24 Mountain Drake by RED \ 14:19 First Tower by RED \ 17:48 Infernal Drake by BLUE \ 23:03 Infernal Drake by RED \ 28:09 Infernal Drake by RED \ 31:36 Nashor by RED \ 34:24 Elder Drake by BLUE \ 